card_folder,copy_folder,sequence,original_filename,archive_filename,bytes,sha256
Dratini_2-20_Dragon_Vault,Copy_1,1,D5143D19-A919-4F4E-A6EB-50B49DEDAAAB.jpeg,Dratini_2-20_Dragon_Vault/Copy_1/01_D5143D19-A919-4F4E-A6EB-50B49DEDAAAB.jpeg,403622,22ebf9aea1f3f4a86f52134b125fde6e17c2a112d1f6f53de11345af637ceb18
Dratini_2-20_Dragon_Vault,Copy_1,2,7838DFB4-1C18-4912-A0F0-A3773B91033D.jpeg,Dratini_2-20_Dragon_Vault/Copy_1/02_7838DFB4-1C18-4912-A0F0-A3773B91033D.jpeg,380370,cd3f6c2faae58ac0846ab7e61ebc2c688ce5b925df08e9206f9070bc6c4db4eb
Dratini_2-20_Dragon_Vault,Copy_1,3,1075E8FE-06DD-4CC1-94CC-B692C0930709.jpeg,Dratini_2-20_Dragon_Vault/Copy_1/03_1075E8FE-06DD-4CC1-94CC-B692C0930709.jpeg,439427,12ef7e11be2e09739e67924b0a31162a748a586eaa479696cd593c8b2ee958e0
Dratini_2-20_Dragon_Vault,Copy_1,4,AE1046C0-7C9D-47F8-92FE-8FF6D14BF434.jpeg,Dratini_2-20_Dragon_Vault/Copy_1/04_AE1046C0-7C9D-47F8-92FE-8FF6D14BF434.jpeg,424885,83c2021d66a8e32774ecfaa9e0caa13410ecf4930f9a22e525a8483dca963d00
Dratini_2-20_Dragon_Vault,Copy_1,5,A7CD965D-909F-4CEA-B4B3-2FC5261FB03E.jpeg,Dratini_2-20_Dragon_Vault/Copy_1/05_A7CD965D-909F-4CEA-B4B3-2FC5261FB03E.jpeg,521297,cedbbc296a4c176284cebae7facb3268f675eabaaac16868684f54f7f6e5643b
Dratini_2-20_Dragon_Vault,Copy_1,6,4750CCA9-C325-4405-B11C-5CE370A1DCE4.jpeg,Dratini_2-20_Dragon_Vault/Copy_1/06_4750CCA9-C325-4405-B11C-5CE370A1DCE4.jpeg,470085,d1805119d1150c78b36c814d976a6381de72e18e8affdd65520a8ae10de1813f
Dratini_2-20_Dragon_Vault,Copy_1,7,CF4BD35F-B026-416A-A602-DA2DBE89AF93.jpeg,Dratini_2-20_Dragon_Vault/Copy_1/07_CF4BD35F-B026-416A-A602-DA2DBE89AF93.jpeg,463411,1faf5c3671540ffef615252a8b7c0208deddd6b75965f3591fabd341a404341d
Dratini_2-20_Dragon_Vault,Copy_1,8,C3CE19BE-24DE-451A-8F02-34AF74EF13FE.jpeg,Dratini_2-20_Dragon_Vault/Copy_1/08_C3CE19BE-24DE-451A-8F02-34AF74EF13FE.jpeg,580977,1a2319228a4ffb66fb924f5701c22dcf6c3026324b3dc93c2027bc96c5b82254
Dratini_2-20_Dragon_Vault,Copy_1,9,DBEEFB47-58E3-4A0C-A7D0-B6940845A6F9.jpeg,Dratini_2-20_Dragon_Vault/Copy_1/09_DBEEFB47-58E3-4A0C-A7D0-B6940845A6F9.jpeg,274052,9274d7b3fc1f5c9b09c8e203d4046e90764f221cf71ce290751005f64db4ad35
Dratini_2-20_Dragon_Vault,Copy_2,1,CECCF30E-9229-42CA-A193-729627F2F2B6.jpeg,Dratini_2-20_Dragon_Vault/Copy_2/01_CECCF30E-9229-42CA-A193-729627F2F2B6.jpeg,529541,522ee3f009b5646c873e9904709c0f7fe92e5b294c23b6823d7505bec03c60c7
Dratini_2-20_Dragon_Vault,Copy_2,2,F425BAEE-F15C-4134-9CEF-E76F13408A17.jpeg,Dratini_2-20_Dragon_Vault/Copy_2/02_F425BAEE-F15C-4134-9CEF-E76F13408A17.jpeg,456463,cb2510beee309ca93b8a3c499e7c654c7bc2e024ec3793ff17a23a9def477515
Dratini_2-20_Dragon_Vault,Copy_2,3,AEFE42E9-755E-4AC9-BB72-198D560CCC5A.jpeg,Dratini_2-20_Dragon_Vault/Copy_2/03_AEFE42E9-755E-4AC9-BB72-198D560CCC5A.jpeg,441808,7f5eed89e258525108c8df61e64090ddccc1cb7b6700005115d4f47b1c0f0249
Dratini_2-20_Dragon_Vault,Copy_2,4,F064BB51-5970-4C1B-BF96-4DAADF3F1600.jpeg,Dratini_2-20_Dragon_Vault/Copy_2/04_F064BB51-5970-4C1B-BF96-4DAADF3F1600.jpeg,429075,86a95f513a26a6d8ce399498f8bf1bdb78e76cabf09829883be88e7a7236565e
Dratini_2-20_Dragon_Vault,Copy_2,5,6B169029-A59C-4C7C-9E48-710473133C49.jpeg,Dratini_2-20_Dragon_Vault/Copy_2/05_6B169029-A59C-4C7C-9E48-710473133C49.jpeg,405207,d742f545daea02b56da4e0cabc1ebe7645fb95b25805f79a82b0fd0ad1760633
Dratini_2-20_Dragon_Vault,Copy_2,6,4BF01BB5-D2F0-4348-B9F5-8F6934B32AAC.jpeg,Dratini_2-20_Dragon_Vault/Copy_2/06_4BF01BB5-D2F0-4348-B9F5-8F6934B32AAC.jpeg,579813,f9d6cdded22f97036cbe76b533e708f88042fd3c5411902c19e430d05c159ad6
Dratini_2-20_Dragon_Vault,Copy_2,7,9988AF87-F835-4E24-9B32-3857500176D4.jpeg,Dratini_2-20_Dragon_Vault/Copy_2/07_9988AF87-F835-4E24-9B32-3857500176D4.jpeg,413523,b4eb4d54e0f0c1cc4e91265c884b69f398bc1ad4a4632fd3aa1af4f1ddd61b30
Dratini_2-20_Dragon_Vault,Copy_2,8,4F066BFE-4B7C-4394-9A5B-957FA4BF2F41.jpeg,Dratini_2-20_Dragon_Vault/Copy_2/08_4F066BFE-4B7C-4394-9A5B-957FA4BF2F41.jpeg,408860,e565bbb593189bdc1c74bb8ef45240d82ff62735df8c8bc90844af3e73ebbaa4
Dratini_2-20_Dragon_Vault,Copy_2,9,FFB920F9-476F-4211-81DA-D760D896A60C.jpeg,Dratini_2-20_Dragon_Vault/Copy_2/09_FFB920F9-476F-4211-81DA-D760D896A60C.jpeg,396382,b5df3c6d6dc1a076983ebfc8cf6c1bcbc600a802a91b59fc7e566349718272be
Dratini_2-20_Dragon_Vault,Copy_2,10,9090FAD3-5033-4B07-AAFB-A47211763F53.jpeg,Dratini_2-20_Dragon_Vault/Copy_2/10_9090FAD3-5033-4B07-AAFB-A47211763F53.jpeg,443840,e668354049c8ead79e88a0103838ad1babd752e105961c45657b8910770409fe
Dratini_2-20_Dragon_Vault,Copy_2,11,650AB6A5-22EC-4FEF-BA68-147587D71A87.jpeg,Dratini_2-20_Dragon_Vault/Copy_2/11_650AB6A5-22EC-4FEF-BA68-147587D71A87.jpeg,456463,cb2510beee309ca93b8a3c499e7c654c7bc2e024ec3793ff17a23a9def477515
Dratini_2-20_Dragon_Vault,Copy_2,12,EFAAD967-B865-4230-9C40-3E2BE6E4D5B9.jpeg,Dratini_2-20_Dragon_Vault/Copy_2/12_EFAAD967-B865-4230-9C40-3E2BE6E4D5B9.jpeg,443840,e668354049c8ead79e88a0103838ad1babd752e105961c45657b8910770409fe
Dratini_2-20_Dragon_Vault,Copy_2,13,AED1FCA6-1E55-46E3-AAF6-9591EAC0D9E5.jpeg,Dratini_2-20_Dragon_Vault/Copy_2/13_AED1FCA6-1E55-46E3-AAF6-9591EAC0D9E5.jpeg,529541,522ee3f009b5646c873e9904709c0f7fe92e5b294c23b6823d7505bec03c60c7
Dratini_2-20_Dragon_Vault,Copy_2,14,207B7B38-8533-4123-A5D4-00FD7B6FB2CC.jpeg,Dratini_2-20_Dragon_Vault/Copy_2/14_207B7B38-8533-4123-A5D4-00FD7B6FB2CC.jpeg,396382,b5df3c6d6dc1a076983ebfc8cf6c1bcbc600a802a91b59fc7e566349718272be
Dratini_2-20_Dragon_Vault,Copy_2,15,703F85BD-DADB-473E-AFC5-E124A1640C02.jpeg,Dratini_2-20_Dragon_Vault/Copy_2/15_703F85BD-DADB-473E-AFC5-E124A1640C02.jpeg,408860,e565bbb593189bdc1c74bb8ef45240d82ff62735df8c8bc90844af3e73ebbaa4
Dratini_2-20_Dragon_Vault,Copy_2,16,AB9625DB-985F-4962-872D-D8E7BB73C62A.jpeg,Dratini_2-20_Dragon_Vault/Copy_2/16_AB9625DB-985F-4962-872D-D8E7BB73C62A.jpeg,405207,d742f545daea02b56da4e0cabc1ebe7645fb95b25805f79a82b0fd0ad1760633
Dratini_2-20_Dragon_Vault,Copy_2,17,1E73F4AF-C58A-4932-9B17-74B253E31E22.jpeg,Dratini_2-20_Dragon_Vault/Copy_2/17_1E73F4AF-C58A-4932-9B17-74B253E31E22.jpeg,413523,b4eb4d54e0f0c1cc4e91265c884b69f398bc1ad4a4632fd3aa1af4f1ddd61b30
Dratini_2-20_Dragon_Vault,Copy_2,18,179C40F0-A249-4CD6-926B-C0088DA80C82.jpeg,Dratini_2-20_Dragon_Vault/Copy_2/18_179C40F0-A249-4CD6-926B-C0088DA80C82.jpeg,429075,86a95f513a26a6d8ce399498f8bf1bdb78e76cabf09829883be88e7a7236565e
Dratini_2-20_Dragon_Vault,Copy_2,19,82FE6347-9D92-4B3C-83B1-B5034E91F55E.jpeg,Dratini_2-20_Dragon_Vault/Copy_2/19_82FE6347-9D92-4B3C-83B1-B5034E91F55E.jpeg,441808,7f5eed89e258525108c8df61e64090ddccc1cb7b6700005115d4f47b1c0f0249
Dratini_2-20_Dragon_Vault,Copy_2,20,E493D171-5613-43F4-9D27-F44AE7A8C6E9.jpeg,Dratini_2-20_Dragon_Vault/Copy_2/20_E493D171-5613-43F4-9D27-F44AE7A8C6E9.jpeg,579813,f9d6cdded22f97036cbe76b533e708f88042fd3c5411902c19e430d05c159ad6
Dratini_2-20_Dragon_Vault,Copy_2,21,IMG_61FBE8E3-C737-4225-8B83-E963AD7E9EF2.jpeg,Dratini_2-20_Dragon_Vault/Copy_2/21_IMG_61FBE8E3-C737-4225-8B83-E963AD7E9EF2.jpeg,355555,1f90f1f339a6c77a2c1870ced981c4024a5efa822fddb53a309b5f5b5b63ada4
Dratini_2-20_Dragon_Vault,Copy_3,1,IMG_5F20C2A0-E9EE-4BD4-AC8E-9A1BC909E38C.jpeg,Dratini_2-20_Dragon_Vault/Copy_3/01_IMG_5F20C2A0-E9EE-4BD4-AC8E-9A1BC909E38C.jpeg,466214,7309b182d098c7625e6503ac174e85494948a118423c7b59272aa2d5a323c5b6
Dratini_2-20_Dragon_Vault,Copy_3,2,IMG_01FAD9CB-61A7-4FE5-ADA9-6F0F0868E62D.jpeg,Dratini_2-20_Dragon_Vault/Copy_3/02_IMG_01FAD9CB-61A7-4FE5-ADA9-6F0F0868E62D.jpeg,362219,845dbcb05bcd5b70fb0507dd11f1ef5552ac48b058bc76f65552dfd0f1bec00b
Dratini_2-20_Dragon_Vault,Copy_3,3,IMG_8744735A-246F-4100-B1C1-DADEE11E0F92.jpeg,Dratini_2-20_Dragon_Vault/Copy_3/03_IMG_8744735A-246F-4100-B1C1-DADEE11E0F92.jpeg,379813,2b09cacea022509f031ef868b9217c9c3caa294b40de3ec07fed954fa2081df9
Dratini_2-20_Dragon_Vault,Copy_3,4,IMG_804CF181-9CC7-4C3B-8381-E7500E0B20C6.jpeg,Dratini_2-20_Dragon_Vault/Copy_3/04_IMG_804CF181-9CC7-4C3B-8381-E7500E0B20C6.jpeg,361415,baaf5c34ba4d1a0f7466c1b4cc2c3400b85a672dc41c1f9b345d5ca7b9fdbcc5
Dratini_2-20_Dragon_Vault,Copy_3,5,IMG_874C5E4D-B3E6-47F9-B051-40DB5CFA93FF.jpeg,Dratini_2-20_Dragon_Vault/Copy_3/05_IMG_874C5E4D-B3E6-47F9-B051-40DB5CFA93FF.jpeg,366697,6c5501f418fe4cfde4642492076467f1a0b961d59f9dd8307bd587fbab984a14
Dratini_2-20_Dragon_Vault,Copy_3,6,IMG_0A7219B2-A0FA-4448-9E32-AECDF88CF06E.jpeg,Dratini_2-20_Dragon_Vault/Copy_3/06_IMG_0A7219B2-A0FA-4448-9E32-AECDF88CF06E.jpeg,425263,41f9f5393c7a15e2318a53d8f901c8876aa894e9165de2f4b5cd39e12422e775
Dratini_2-20_Dragon_Vault,Copy_3,7,IMG_649C8DD6-1B1A-4573-87FE-A44D9E6772AC.jpeg,Dratini_2-20_Dragon_Vault/Copy_3/07_IMG_649C8DD6-1B1A-4573-87FE-A44D9E6772AC.jpeg,405328,7a9e428deabac41764b6df677c09e4e11c30c52ecddbc2ca2317b171556e5b72
Dratini_2-20_Dragon_Vault,Copy_3,8,IMG_226AD2C3-3CE0-4EB1-87CB-FCC17E9B5E5E.jpeg,Dratini_2-20_Dragon_Vault/Copy_3/08_IMG_226AD2C3-3CE0-4EB1-87CB-FCC17E9B5E5E.jpeg,432061,19d3179b3403b18489549c38cc2ae06f5f7c138cc6dd7c35495ed09f1d00121c
Dratini_2-20_Dragon_Vault,Copy_3,9,IMG_9C9817C7-BFF7-4F8A-850C-D1AA6BE84F1B.jpeg,Dratini_2-20_Dragon_Vault/Copy_3/09_IMG_9C9817C7-BFF7-4F8A-850C-D1AA6BE84F1B.jpeg,357781,df3b6774edf96e604cf36c682bcf7d1fa593f132ce140c4d5ed5cb1e83375f97
Dratini_2-20_Dragon_Vault,Copy_3,10,IMG_6C10812C-273D-4C84-84A2-5D5DC80259FA.jpeg,Dratini_2-20_Dragon_Vault/Copy_3/10_IMG_6C10812C-273D-4C84-84A2-5D5DC80259FA.jpeg,373985,4ec316a1df99b428553bf1328ecfd5d8ba6b78b387dd7b745d269c53abfbae0b
Dratini_2-20_Dragon_Vault,Copy_3,11,1C58F229-2375-4958-BFC6-379244E1F518.jpeg,Dratini_2-20_Dragon_Vault/Copy_3/11_1C58F229-2375-4958-BFC6-379244E1F518.jpeg,254072,f90a2ebe8c6d6a754c45a18b996a6b796d9219f72f8978cbc0c4c6fa36572bc1
Dratini_2-20_Dragon_Vault,Copy_4,1,07FEDA1A-5299-4004-993B-675E7ABF4F42.jpeg,Dratini_2-20_Dragon_Vault/Copy_4/01_07FEDA1A-5299-4004-993B-675E7ABF4F42.jpeg,435142,be9e2c9d1bee9732282912f1c088e88ab7a67a102cebe8871351bea67c57a957
Dratini_2-20_Dragon_Vault,Copy_4,2,B45A6C30-8AD4-48A6-9606-7633AC7EAFC2.jpeg,Dratini_2-20_Dragon_Vault/Copy_4/02_B45A6C30-8AD4-48A6-9606-7633AC7EAFC2.jpeg,435551,da8adb416af92b8f90551c2ff7d46adc1db15e1c0891c9b94cc60d9133b621ea
Dratini_2-20_Dragon_Vault,Copy_4,3,0FD32354-86DD-4E0D-A55D-F456A5F91F4B.jpeg,Dratini_2-20_Dragon_Vault/Copy_4/03_0FD32354-86DD-4E0D-A55D-F456A5F91F4B.jpeg,426617,8d368c9231d75c936892e8d163b1819dd2e25fd5450389b68355f5fe57b12bc7
Dratini_2-20_Dragon_Vault,Copy_4,4,7B6BFE81-E92F-4BF5-815F-41C3675B1DED.jpeg,Dratini_2-20_Dragon_Vault/Copy_4/04_7B6BFE81-E92F-4BF5-815F-41C3675B1DED.jpeg,355192,2a8ea7701e708ae23d364b912433017118017a33f474735ce86dd3e7fa7844b0
Dratini_2-20_Dragon_Vault,Copy_4,5,61019A74-1BFE-4C6B-B0EA-958163A66510.jpeg,Dratini_2-20_Dragon_Vault/Copy_4/05_61019A74-1BFE-4C6B-B0EA-958163A66510.jpeg,432766,117fbc7367a979e859293483f3a284b8769615514825adcd1e361c8047058cb8
Dratini_2-20_Dragon_Vault,Copy_4,6,CF7407D9-FDBF-4801-A725-26B69184D632.jpeg,Dratini_2-20_Dragon_Vault/Copy_4/06_CF7407D9-FDBF-4801-A725-26B69184D632.jpeg,552587,ea2e9ecf06e6a7b0209352a97445c0fd0a1a1e74912d0d41ca745c62bae54d37
Dratini_2-20_Dragon_Vault,Copy_4,7,9ACDB74F-87EF-4A4B-8292-AD8DE6E5C15B.jpeg,Dratini_2-20_Dragon_Vault/Copy_4/07_9ACDB74F-87EF-4A4B-8292-AD8DE6E5C15B.jpeg,408579,14443fb7fe635f889327ddda87981736217b6b4d98b362e9e00c73a3523a6d0a
Dratini_2-20_Dragon_Vault,Copy_4,8,A937DA45-C695-40BE-A4DF-7DA1BB77C4DA.jpeg,Dratini_2-20_Dragon_Vault/Copy_4/08_A937DA45-C695-40BE-A4DF-7DA1BB77C4DA.jpeg,467117,095eaf587e6e2217ba1dd40fbedf0f8461d9e944cf8097a710030584c468f1f9
Dratini_2-20_Dragon_Vault,Copy_4,9,505D1056-D726-407B-B522-E002E0D1EF46.jpeg,Dratini_2-20_Dragon_Vault/Copy_4/09_505D1056-D726-407B-B522-E002E0D1EF46.jpeg,524969,9782d95c4cad2256a27d4456552d9cdc4e058033f6d184cb92d6b9b8053d2e5d
Dratini_2-20_Dragon_Vault,Copy_4,10,11182439-3D60-4EE2-9DCF-CC633817E2BF.jpeg,Dratini_2-20_Dragon_Vault/Copy_4/10_11182439-3D60-4EE2-9DCF-CC633817E2BF.jpeg,444076,f97d217896434156602dac3f6d6c05ece28999239c526279911947741ed9a4aa
Dratini_2-20_Dragon_Vault,Copy_4,11,762BCC3B-F565-4BF3-B405-05CFAEDFE2F9.jpeg,Dratini_2-20_Dragon_Vault/Copy_4/11_762BCC3B-F565-4BF3-B405-05CFAEDFE2F9.jpeg,252165,9228d62b68fbe7519e67018f2eb9d13c15bdafa89cb3aea47ff811e7f3a5c905
Latios_EX_113-116_Plasma_Freeze,Copy_1,1,C55198B7-3BC7-4DA0-9A9B-8E7598C1767B.jpeg,Latios_EX_113-116_Plasma_Freeze/Copy_1/01_C55198B7-3BC7-4DA0-9A9B-8E7598C1767B.jpeg,372099,ea0c4222ec66a94ce369fb9129195b99869d6e1b80918e0cf60c07ab7f662f86
Latios_EX_113-116_Plasma_Freeze,Copy_1,2,4C294CEC-6E3E-47DA-BCC0-13E9D47E7E04.jpeg,Latios_EX_113-116_Plasma_Freeze/Copy_1/02_4C294CEC-6E3E-47DA-BCC0-13E9D47E7E04.jpeg,455522,79a5bd020c6c84626fb7839b1fa43f37619f499569eef1abbb6058a6751dc67f
Latios_EX_113-116_Plasma_Freeze,Copy_1,3,2D2A1BF8-A84B-423F-930D-29C89441354D.jpeg,Latios_EX_113-116_Plasma_Freeze/Copy_1/03_2D2A1BF8-A84B-423F-930D-29C89441354D.jpeg,595600,3f7d6a31bfd3601c90d51c806ae505ae9778b3e2855f9da6bd9bf04358fbcf85
Latios_EX_113-116_Plasma_Freeze,Copy_1,4,AC7D1694-9962-4CDF-907E-B5010337F944.jpeg,Latios_EX_113-116_Plasma_Freeze/Copy_1/04_AC7D1694-9962-4CDF-907E-B5010337F944.jpeg,477444,5025871d19c588059f4c890ef0bdb335b8174c965806288620560b5671984746
Latios_EX_113-116_Plasma_Freeze,Copy_1,5,56FE1F6B-5707-4DD9-AB2F-97768A1A96A2.jpeg,Latios_EX_113-116_Plasma_Freeze/Copy_1/05_56FE1F6B-5707-4DD9-AB2F-97768A1A96A2.jpeg,417745,cced0082b147ab96b3b02f0a00c1096eeb6fc1fb03b629a518c0ccf1ed2f0c3b
Latios_EX_113-116_Plasma_Freeze,Copy_1,6,4BACB025-0018-4DDF-894A-3012F7D93668.jpeg,Latios_EX_113-116_Plasma_Freeze/Copy_1/06_4BACB025-0018-4DDF-894A-3012F7D93668.jpeg,468119,88e33f457fbb7697ef7f12e4f7fa74614c023f5860124912334b6ba8b7e97ceb
Latios_EX_113-116_Plasma_Freeze,Copy_1,7,53B5358E-5EFD-4B76-8E06-D7698629DCEF.jpeg,Latios_EX_113-116_Plasma_Freeze/Copy_1/07_53B5358E-5EFD-4B76-8E06-D7698629DCEF.jpeg,513602,71903934b43591dd7770976409d350effff19da6e833782a0eebcebca2af8678
Latios_EX_113-116_Plasma_Freeze,Copy_1,8,C538E6CC-C78B-4183-888E-D127E2475C14.jpeg,Latios_EX_113-116_Plasma_Freeze/Copy_1/08_C538E6CC-C78B-4183-888E-D127E2475C14.jpeg,428338,0831ee92b690c4719fb36ade7594d8b9afba59e98908f95ed1c005717db41031
Latios_EX_113-116_Plasma_Freeze,Copy_1,9,F655E991-D093-4BCC-B095-F67BF2A9A6E0.jpeg,Latios_EX_113-116_Plasma_Freeze/Copy_1/09_F655E991-D093-4BCC-B095-F67BF2A9A6E0.jpeg,436356,a29cc125fa0d9167ff90d7e406040782de8a2a8c3ce7aa25e9b1800b9e0fcb26
Latios_EX_113-116_Plasma_Freeze,Copy_1,10,4389A765-944A-4735-947C-7814AB5C1CF1.jpeg,Latios_EX_113-116_Plasma_Freeze/Copy_1/10_4389A765-944A-4735-947C-7814AB5C1CF1.jpeg,437660,1ba2ac0fe77dc50d55b4b1ac945190dc984ff590a0c5f3dce37f659397810bc4
Latios_EX_113-116_Plasma_Freeze,Copy_1,11,4A8866E8-BA4A-487B-BC5D-54C41A84FA68.jpeg,Latios_EX_113-116_Plasma_Freeze/Copy_1/11_4A8866E8-BA4A-487B-BC5D-54C41A84FA68.jpeg,276001,72bf0d8fd15ecac28f4805f115e3987c691c090d06029f5ff7e47a1b39f676f4
White_Kyurem_EX_146-149_Boundaries_Crossed,Copy_1,1,DAA4F30D-4F9F-4B59-91D6-58A64CA043A4.jpeg,White_Kyurem_EX_146-149_Boundaries_Crossed/Copy_1/01_DAA4F30D-4F9F-4B59-91D6-58A64CA043A4.jpeg,521411,40381c6835754ddbe3515e8121dd4c99f4af3152fc7a2ef68a2ce42d8d379634
White_Kyurem_EX_146-149_Boundaries_Crossed,Copy_1,2,7EA48AA3-1C89-4B56-BAEC-2237804B82E0.jpeg,White_Kyurem_EX_146-149_Boundaries_Crossed/Copy_1/02_7EA48AA3-1C89-4B56-BAEC-2237804B82E0.jpeg,708053,e6de26782cb13f3a37121b9be7b03c9a01dd687e2eea1724054b493ae67f598b
White_Kyurem_EX_146-149_Boundaries_Crossed,Copy_1,3,106EF339-BDE1-4C7B-B7BB-D375CD8F196D.jpeg,White_Kyurem_EX_146-149_Boundaries_Crossed/Copy_1/03_106EF339-BDE1-4C7B-B7BB-D375CD8F196D.jpeg,541563,2d5c3100430ac666aa74f207a0f178278fe4323b2b758e75b5f5033ce60f1948
White_Kyurem_EX_146-149_Boundaries_Crossed,Copy_1,4,1672307F-ECE7-402D-A549-244EF3D5393D.jpeg,White_Kyurem_EX_146-149_Boundaries_Crossed/Copy_1/04_1672307F-ECE7-402D-A549-244EF3D5393D.jpeg,477513,a1fdd2c32c10580c546c54dfaf15a782e24e22cdaa9e4429330201f10e95483c
White_Kyurem_EX_146-149_Boundaries_Crossed,Copy_1,5,0C7DEE4E-08FC-4BE8-B22C-F64ECD6A0DFA.jpeg,White_Kyurem_EX_146-149_Boundaries_Crossed/Copy_1/05_0C7DEE4E-08FC-4BE8-B22C-F64ECD6A0DFA.jpeg,632430,6ce5580619fef636b378adbf453eeb1ad02f9a69e3c5ffcc2e53bcfc169e7bcc
White_Kyurem_EX_146-149_Boundaries_Crossed,Copy_1,6,C1EEE513-C601-47AF-B705-B3A0C4DA967A.jpeg,White_Kyurem_EX_146-149_Boundaries_Crossed/Copy_1/06_C1EEE513-C601-47AF-B705-B3A0C4DA967A.jpeg,569908,5f8c15a170390e462f3736e2b70931757e694e58b79b94b6e84e6dc5e62f8e0f
White_Kyurem_EX_146-149_Boundaries_Crossed,Copy_2,1,091F34AB-739B-4159-A62F-EE6144BA9EC6.jpeg,White_Kyurem_EX_146-149_Boundaries_Crossed/Copy_2/01_091F34AB-739B-4159-A62F-EE6144BA9EC6.jpeg,562843,8feebc8480f9499238daf8218e2d73e6852c21557020ac899765ced3362c1844
White_Kyurem_EX_146-149_Boundaries_Crossed,Copy_2,2,7CBD7DFC-7F11-438C-8316-7039C55D1487.jpeg,White_Kyurem_EX_146-149_Boundaries_Crossed/Copy_2/02_7CBD7DFC-7F11-438C-8316-7039C55D1487.jpeg,789425,af75e1ce8b59a77cfbef856805afb8a3b76e692b0c361d8be85425108deb91c2
White_Kyurem_EX_146-149_Boundaries_Crossed,Copy_2,3,641FE9F6-D5C5-420D-9531-9BD2DE7BF502.jpeg,White_Kyurem_EX_146-149_Boundaries_Crossed/Copy_2/03_641FE9F6-D5C5-420D-9531-9BD2DE7BF502.jpeg,606357,67d207d2cbcc7cd2ea14615ea3b6c89deb2e0cae6a456ec8df637429d670f441
White_Kyurem_EX_146-149_Boundaries_Crossed,Copy_2,4,FEE138CC-FD1A-44FF-B309-EA0F813383FC.jpeg,White_Kyurem_EX_146-149_Boundaries_Crossed/Copy_2/04_FEE138CC-FD1A-44FF-B309-EA0F813383FC.jpeg,666792,5af7f25883e7f7278ae34d8f20f3621dc200b58e173950bd8b942c882db4598a
White_Kyurem_EX_146-149_Boundaries_Crossed,Copy_2,5,CAB3B114-5755-4CF8-80A0-C30BC8319071.jpeg,White_Kyurem_EX_146-149_Boundaries_Crossed/Copy_2/05_CAB3B114-5755-4CF8-80A0-C30BC8319071.jpeg,693643,1224ed2baeeb6c48cd956e3df238c48c54a82c809e35c7fb8cc06fe5ad799482
White_Kyurem_EX_146-149_Boundaries_Crossed,Copy_2,6,4E03FE8E-5CCB-4213-8498-0E6D3C59040A.jpeg,White_Kyurem_EX_146-149_Boundaries_Crossed/Copy_2/06_4E03FE8E-5CCB-4213-8498-0E6D3C59040A.jpeg,634986,80986c60431297fead749b40e6f8d40193650d27f8da92a0431af19ffc5a4784
Rayquaza_11-20_Dragon_Vault_DV_Stamp,Copy_1_Moisture_Damaged,1,5DFE46D9-BFEB-483D-BDF2-F6A02BFD6252.jpeg,Rayquaza_11-20_Dragon_Vault_DV_Stamp/Copy_1_Moisture_Damaged/01_5DFE46D9-BFEB-483D-BDF2-F6A02BFD6252.jpeg,402776,ccc6dfe5324e7ef492141e78dcfe787de862e98b6eb02202193469a44d161fae
Rayquaza_11-20_Dragon_Vault_DV_Stamp,Copy_1_Moisture_Damaged,2,DAE9BB74-2233-4E9C-B865-9B06526379B3.jpeg,Rayquaza_11-20_Dragon_Vault_DV_Stamp/Copy_1_Moisture_Damaged/02_DAE9BB74-2233-4E9C-B865-9B06526379B3.jpeg,3436561,9f008e0fa9f19a09e34337d815b74a6ce50de1b69ee3535a487692ed00fb1018
Rayquaza_11-20_Dragon_Vault_DV_Stamp,Copy_1_Moisture_Damaged,3,3F27D485-4F2B-40DB-AFCB-20C04E30B206.jpeg,Rayquaza_11-20_Dragon_Vault_DV_Stamp/Copy_1_Moisture_Damaged/03_3F27D485-4F2B-40DB-AFCB-20C04E30B206.jpeg,3865451,a6882e19e55fe3734852afc3cdd819a9b38394242e0c7ea4331719c3640ebc2e
Rayquaza_11-20_Dragon_Vault_DV_Stamp,Copy_1_Moisture_Damaged,4,6F7A9A22-099F-4218-8E3C-86B2F2EC5429.jpeg,Rayquaza_11-20_Dragon_Vault_DV_Stamp/Copy_1_Moisture_Damaged/04_6F7A9A22-099F-4218-8E3C-86B2F2EC5429.jpeg,3558442,95d3bdd6158e7f6bda0389b06265dc29d281e0c80089fc25e7271578719a790f
Rayquaza_11-20_Dragon_Vault_DV_Stamp,Copy_1_Moisture_Damaged,5,2710B8C5-1672-467F-94E8-34EBDCC15C5C.jpeg,Rayquaza_11-20_Dragon_Vault_DV_Stamp/Copy_1_Moisture_Damaged/05_2710B8C5-1672-467F-94E8-34EBDCC15C5C.jpeg,3601912,944ca83a104e0335a2fecf8d072640d16bbd206054014cb1cda4c8106f113095
Rayquaza_11-20_Dragon_Vault_DV_Stamp,Copy_1_Moisture_Damaged,6,2E53C74B-9F21-465D-8C6B-34980BF9506B.jpeg,Rayquaza_11-20_Dragon_Vault_DV_Stamp/Copy_1_Moisture_Damaged/06_2E53C74B-9F21-465D-8C6B-34980BF9506B.jpeg,3775457,25ebb0a8ea3158ece21d3aff2b0394b93e0d791ec1d71931cedb3a096ccd86f4
Rayquaza_11-20_Dragon_Vault_DV_Stamp,Copy_1_Moisture_Damaged,7,202E686F-45F5-4FDF-9592-1DFE8610463D.jpeg,Rayquaza_11-20_Dragon_Vault_DV_Stamp/Copy_1_Moisture_Damaged/07_202E686F-45F5-4FDF-9592-1DFE8610463D.jpeg,3422447,0fa2ad7e04293f53d7ad7607c41c4e66d27a2bc63a4b33717d7700556f74d25c
Rayquaza_11-20_Dragon_Vault_DV_Stamp,Copy_1_Moisture_Damaged,8,IMG_C5CE84F4-7216-4C34-84AF-110769B1C825.jpeg,Rayquaza_11-20_Dragon_Vault_DV_Stamp/Copy_1_Moisture_Damaged/08_IMG_C5CE84F4-7216-4C34-84AF-110769B1C825.jpeg,274240,a24f919abf1e44f24f1bf648d36bd17ea54b035749e6bb7a2143f885aaed762d
Rayquaza_11-20_Dragon_Vault_DV_Stamp,Copy_1_Moisture_Damaged,9,IMG_0AD54C73-2DA1-4F7A-8F9E-15DE44065121.jpeg,Rayquaza_11-20_Dragon_Vault_DV_Stamp/Copy_1_Moisture_Damaged/09_IMG_0AD54C73-2DA1-4F7A-8F9E-15DE44065121.jpeg,325383,7a73b290767cdc293f195b7d5376181d38f7c68939560e0297210843e95cdad3
Rayquaza_11-20_Dragon_Vault_DV_Stamp,Copy_1_Moisture_Damaged,10,IMG_25E948F7-408C-421C-9FCE-71F83094633B.jpeg,Rayquaza_11-20_Dragon_Vault_DV_Stamp/Copy_1_Moisture_Damaged/10_IMG_25E948F7-408C-421C-9FCE-71F83094633B.jpeg,281723,354a34b7d988523722c2d69c5efcdba019fa5d8642008ad1fe7df63d9f5def4a
Rayquaza_11-20_Dragon_Vault_DV_Stamp,Copy_2,1,B9BD3486-F9FE-484F-B8EA-F272DD57E92F.jpeg,Rayquaza_11-20_Dragon_Vault_DV_Stamp/Copy_2/01_B9BD3486-F9FE-484F-B8EA-F272DD57E92F.jpeg,441222,55c62cc6ec0ce711d6d7a59113ed30b527065673c73898b205e779f0d423a54c
Rayquaza_11-20_Dragon_Vault_DV_Stamp,Copy_2,2,E2008F2B-6528-40BE-A482-2755CEC4E044.jpeg,Rayquaza_11-20_Dragon_Vault_DV_Stamp/Copy_2/02_E2008F2B-6528-40BE-A482-2755CEC4E044.jpeg,484918,ef40dda9ee1a299ce51b1b17dd1edb4ee8aeb563a111d2c85b2be1170328621c
Rayquaza_11-20_Dragon_Vault_DV_Stamp,Copy_2,3,DE886C0A-9B0B-4BF3-8FF0-8FFCC457BA72.jpeg,Rayquaza_11-20_Dragon_Vault_DV_Stamp/Copy_2/03_DE886C0A-9B0B-4BF3-8FF0-8FFCC457BA72.jpeg,342523,644ec0847bd6f58ecffbbef32445354a959e21578422952cce832905bdba3011
Rayquaza_11-20_Dragon_Vault_DV_Stamp,Copy_2,4,CACE6CF0-9DA2-4E45-AFAE-E597BE45CD5B.jpeg,Rayquaza_11-20_Dragon_Vault_DV_Stamp/Copy_2/04_CACE6CF0-9DA2-4E45-AFAE-E597BE45CD5B.jpeg,593257,078906745f57ce86a3e54f604d3a664ae934b49e7ecd89fbda05e29b90b73d79
Rayquaza_11-20_Dragon_Vault_DV_Stamp,Copy_2,5,84FEC896-C872-4A8E-ACA4-EB87D8918CCD.jpeg,Rayquaza_11-20_Dragon_Vault_DV_Stamp/Copy_2/05_84FEC896-C872-4A8E-ACA4-EB87D8918CCD.jpeg,455655,78e1dbfd5231a5263cbde75f986f52043e3ab0867b6da883428c114a6197abb8
Rayquaza_11-20_Dragon_Vault_DV_Stamp,Copy_2,6,66102437-DB79-4591-BC9F-79A292BCD0BE.jpeg,Rayquaza_11-20_Dragon_Vault_DV_Stamp/Copy_2/06_66102437-DB79-4591-BC9F-79A292BCD0BE.jpeg,504701,08d5de09e7b77d0cd0e1b53937798ac56e1fa84f4f2f71fd38b234324678a752
Rayquaza_11-20_Dragon_Vault_DV_Stamp,Copy_2,7,38B8180B-1816-432E-9797-E1834D44E73B.jpeg,Rayquaza_11-20_Dragon_Vault_DV_Stamp/Copy_2/07_38B8180B-1816-432E-9797-E1834D44E73B.jpeg,393434,15407a8bc5d034ff93e9d5b095e6fbea0f4195fc3ff76de6e93ed06606af0c18
Rayquaza_11-20_Dragon_Vault_DV_Stamp,Copy_2,8,C02B3736-C76C-4415-8324-0CA58A99E642.jpeg,Rayquaza_11-20_Dragon_Vault_DV_Stamp/Copy_2/08_C02B3736-C76C-4415-8324-0CA58A99E642.jpeg,580806,5f08c099a0d8a2fa32b209da1bf96cd22f3d55b7050fbd5c0203072d35aded51
Rayquaza_11-20_Dragon_Vault_DV_Stamp,Copy_2,9,C051F276-C3E4-44EF-8E97-7D26BC0CC4C6.jpeg,Rayquaza_11-20_Dragon_Vault_DV_Stamp/Copy_2/09_C051F276-C3E4-44EF-8E97-7D26BC0CC4C6.jpeg,390853,cdd528f1bc717b800687fc43d9800e81c4bceec07644a72eea6cb11e9a56580a
Latios_10-20_Dragon_Vault_DV_Stamp,Copy_1,1,0F54A1F1-7A36-4036-88DB-ABAA3CC22900.jpeg,Latios_10-20_Dragon_Vault_DV_Stamp/Copy_1/01_0F54A1F1-7A36-4036-88DB-ABAA3CC22900.jpeg,382722,e229050a335e329d0db50b372a9b2fd77c2db5813f515a5e3afaaa1d9c6fdbb8
Latios_10-20_Dragon_Vault_DV_Stamp,Copy_1,2,54D751C9-4A85-4A23-9E3E-41A50D45D96C.jpeg,Latios_10-20_Dragon_Vault_DV_Stamp/Copy_1/02_54D751C9-4A85-4A23-9E3E-41A50D45D96C.jpeg,411891,69a1786b7e3b91f651a9a6d16662afe0d6a4466dd0e00df456d8f941dec347ef
Latios_10-20_Dragon_Vault_DV_Stamp,Copy_1,3,5DA6761E-4BDF-490F-AA3B-1FCD6D8DD4FC.jpeg,Latios_10-20_Dragon_Vault_DV_Stamp/Copy_1/03_5DA6761E-4BDF-490F-AA3B-1FCD6D8DD4FC.jpeg,448204,25f3101a0a53ebbab3b9daeefd5da0b121c0c56322cc6c0bee3874a48e49ffef
Latios_10-20_Dragon_Vault_DV_Stamp,Copy_1,4,8F1991C7-5C3F-48B2-AD02-01E89C0B32AA.jpeg,Latios_10-20_Dragon_Vault_DV_Stamp/Copy_1/04_8F1991C7-5C3F-48B2-AD02-01E89C0B32AA.jpeg,518302,d6d8c43eb9c411f4725e4510acca8f849494e84aecddd7c6de92de9fd0903a04
Latios_10-20_Dragon_Vault_DV_Stamp,Copy_1,5,CE8D478F-83AC-47AC-B5EB-83B8AA36E7BB.jpeg,Latios_10-20_Dragon_Vault_DV_Stamp/Copy_1/05_CE8D478F-83AC-47AC-B5EB-83B8AA36E7BB.jpeg,472103,b92ee7775592f642557d03e1b8a23194b2950a8eb92be4c00578e3f802127dc9
Latios_10-20_Dragon_Vault_DV_Stamp,Copy_1,6,87061B76-101E-4B81-B69C-93470BD9AB87.jpeg,Latios_10-20_Dragon_Vault_DV_Stamp/Copy_1/06_87061B76-101E-4B81-B69C-93470BD9AB87.jpeg,449673,86efa8d616d8ff11c6a7072332c63560e2d9c43e8df1a1ee8abdd619b5da3cf5
Latios_10-20_Dragon_Vault_DV_Stamp,Copy_1,7,CF6DEBC7-B6F9-4AC6-BEA4-C13FEB47BC4E.jpeg,Latios_10-20_Dragon_Vault_DV_Stamp/Copy_1/07_CF6DEBC7-B6F9-4AC6-BEA4-C13FEB47BC4E.jpeg,514616,940deeb3011eeb657c5f6b9deb146a8dc7ce4606ae07394ec99614fe9427aabb
Rayquaza_EX_BW47_Black_White_Promo,Copy_1,1,567B4C4D-3EDB-4C47-8AA8-F0715D19078A.jpeg,Rayquaza_EX_BW47_Black_White_Promo/Copy_1/01_567B4C4D-3EDB-4C47-8AA8-F0715D19078A.jpeg,417621,8593b311a92e68e03be133abaea9324bb0a502693ca20e06e22f19b95640c6f3
Rayquaza_EX_BW47_Black_White_Promo,Copy_1,2,577AB5D8-90AD-4444-ACFE-A1D7781B1B97.jpeg,Rayquaza_EX_BW47_Black_White_Promo/Copy_1/02_577AB5D8-90AD-4444-ACFE-A1D7781B1B97.jpeg,452381,87f9a34332e303171274d99122a73eb8e0d90e69dddbf9cd7de61efe161533e6
Rayquaza_EX_BW47_Black_White_Promo,Copy_1,3,4E21B7CC-5C40-4D90-ADF4-5384E4D7B72E.jpeg,Rayquaza_EX_BW47_Black_White_Promo/Copy_1/03_4E21B7CC-5C40-4D90-ADF4-5384E4D7B72E.jpeg,511886,5827fff33511426ecd04a2189a16730a67c48a86f3a36e0007614495cdb872f2
Rayquaza_EX_BW47_Black_White_Promo,Copy_1,4,71749FA4-77CF-43CA-BAC2-3F98FB16DA5A.jpeg,Rayquaza_EX_BW47_Black_White_Promo/Copy_1/04_71749FA4-77CF-43CA-BAC2-3F98FB16DA5A.jpeg,532012,41fe27839ffe9c43afbe9a3b3b29354a73d3dcfeda8e3fa3b761edbf56f8b811
Rayquaza_EX_BW47_Black_White_Promo,Copy_1,5,7A3C3890-4F44-450F-9FDA-299CEB862E2C.jpeg,Rayquaza_EX_BW47_Black_White_Promo/Copy_1/05_7A3C3890-4F44-450F-9FDA-299CEB862E2C.jpeg,466436,ec5ca02003448a116902249ced58dbfc92751f8052aae2c1cd08e46ec26a87b0
Rayquaza_EX_BW47_Black_White_Promo,Copy_1,6,49880D57-E1CE-4B3D-B643-4B85F3FDB6FF.jpeg,Rayquaza_EX_BW47_Black_White_Promo/Copy_1/06_49880D57-E1CE-4B3D-B643-4B85F3FDB6FF.jpeg,628400,5fe99c2f268971fc2184473d1857ae1f2f62dc11b8b0ee891acd6e1f6c139e89
Rayquaza_EX_BW47_Black_White_Promo,Copy_1,7,C4BDE751-7CD1-4EE7-97E1-6462DC4F4BBD.jpeg,Rayquaza_EX_BW47_Black_White_Promo/Copy_1/07_C4BDE751-7CD1-4EE7-97E1-6462DC4F4BBD.jpeg,506198,7ed8d7f55a37e88e9e5977175465bda876b953c273d8fa694f5a959f4a92f026
Rayquaza_EX_BW47_Black_White_Promo,Copy_2,1,02957EA3-18A3-4ED9-8201-8D84AC98C86D.jpeg,Rayquaza_EX_BW47_Black_White_Promo/Copy_2/01_02957EA3-18A3-4ED9-8201-8D84AC98C86D.jpeg,480019,2d960db366195209bd3e1154f95058e4d7720a7b242969906b7b34d51b37fc36
Rayquaza_EX_BW47_Black_White_Promo,Copy_2,2,7D2CD934-0884-4484-88C9-2455CDDB96B4.jpeg,Rayquaza_EX_BW47_Black_White_Promo/Copy_2/02_7D2CD934-0884-4484-88C9-2455CDDB96B4.jpeg,598362,f5ba9334c3b1e739dfadfc817c9fecf2ba9effdc70d32302bc774e7c05e4f179
Rayquaza_EX_BW47_Black_White_Promo,Copy_2,3,E615CFDE-3577-4A5F-9C43-A895410232F8.jpeg,Rayquaza_EX_BW47_Black_White_Promo/Copy_2/03_E615CFDE-3577-4A5F-9C43-A895410232F8.jpeg,525829,6b3be3e23f38cab49e30b4f0191f09e2041353b432282bc28fb7e1c147829b2a
Rayquaza_EX_BW47_Black_White_Promo,Copy_2,4,7BE4098F-780F-46CA-9155-B99C19A0391F.jpeg,Rayquaza_EX_BW47_Black_White_Promo/Copy_2/04_7BE4098F-780F-46CA-9155-B99C19A0391F.jpeg,495832,abcf1405f428e9935211845289212083836f6226872dd483421f1c6189f078c3
Rayquaza_EX_BW47_Black_White_Promo,Copy_2,5,3BAA0DBA-CB59-4117-985C-23BD9499D0FF.jpeg,Rayquaza_EX_BW47_Black_White_Promo/Copy_2/05_3BAA0DBA-CB59-4117-985C-23BD9499D0FF.jpeg,582285,9d4d7dd31c2ef34623f123c382a9e1db6eac8e3d3e0f4d96609ad8e54bcacbcb
Rayquaza_EX_BW47_Black_White_Promo,Copy_2,6,95087492-8317-47E1-AC3B-D5BACD6A62D9.jpeg,Rayquaza_EX_BW47_Black_White_Promo/Copy_2/06_95087492-8317-47E1-AC3B-D5BACD6A62D9.jpeg,471146,bc7a0628414f1778ad168f6fc1b1c57b250d4afbbc1f1579b697216d0ba44b75
Rayquaza_11-20_Dragon_Vault_Regular_Holo,Copy_1,1,831A11A1-A667-4535-8429-F24B7B74BB6B.jpeg,Rayquaza_11-20_Dragon_Vault_Regular_Holo/Copy_1/01_831A11A1-A667-4535-8429-F24B7B74BB6B.jpeg,412243,fe8b09330da2519e93e14be54c480ea838b1157805dc1825d1e51641ce2c82f4
Rayquaza_11-20_Dragon_Vault_Regular_Holo,Copy_1,2,A8A9461A-C26D-4BF7-A97E-9B8D346A9AC3.jpeg,Rayquaza_11-20_Dragon_Vault_Regular_Holo/Copy_1/02_A8A9461A-C26D-4BF7-A97E-9B8D346A9AC3.jpeg,496240,414e285ce15fbcef1105840e534cf3bbccba70afead9149e0b9b0b848fc2f45e
Rayquaza_11-20_Dragon_Vault_Regular_Holo,Copy_1,3,B6186014-D526-42C7-80DB-5876A87D0151.jpeg,Rayquaza_11-20_Dragon_Vault_Regular_Holo/Copy_1/03_B6186014-D526-42C7-80DB-5876A87D0151.jpeg,452209,48da35f6f390c52e94fd8a35acfeec54c0d9dfd41513db3a046a520b1bbbbcbe
Rayquaza_11-20_Dragon_Vault_Regular_Holo,Copy_1,4,6BAB890F-3C20-46D3-9D50-D061740AFBFE.jpeg,Rayquaza_11-20_Dragon_Vault_Regular_Holo/Copy_1/04_6BAB890F-3C20-46D3-9D50-D061740AFBFE.jpeg,490069,f0661478cca0d4041e466de6ee7abfb3f0728899d08c2007090f82e30978dd8b
Rayquaza_11-20_Dragon_Vault_Regular_Holo,Copy_1,5,C4B236F0-59CC-4FA2-B442-78F0B071590D.jpeg,Rayquaza_11-20_Dragon_Vault_Regular_Holo/Copy_1/05_C4B236F0-59CC-4FA2-B442-78F0B071590D.jpeg,569894,6663d42b7299ac2f16f475b1184a93db5bc220117e441b96b94612d6da87d3ab
Rayquaza_11-20_Dragon_Vault_Regular_Holo,Copy_1,6,AF328011-B159-48C3-B19F-6B7DFF055948.jpeg,Rayquaza_11-20_Dragon_Vault_Regular_Holo/Copy_1/06_AF328011-B159-48C3-B19F-6B7DFF055948.jpeg,480238,bd69c2284086309b187713aeb363944b8b976ab6e93b72d7e3eb6eea3b5e0843
Rayquaza_11-20_Dragon_Vault_Regular_Holo,Copy_1,7,4B5748C0-9BCD-468F-9BDB-EDEC575A57E8.jpeg,Rayquaza_11-20_Dragon_Vault_Regular_Holo/Copy_1/07_4B5748C0-9BCD-468F-9BDB-EDEC575A57E8.jpeg,640901,926465e1ac6a754ccb429f1a02ba8d0ad44dbc447f12389ec9b79e446c96faaf
Rayquaza_11-20_Dragon_Vault_Regular_Holo,Copy_2,1,2B2367F4-C775-40ED-A9E2-1A5F1C205D15.jpeg,Rayquaza_11-20_Dragon_Vault_Regular_Holo/Copy_2/01_2B2367F4-C775-40ED-A9E2-1A5F1C205D15.jpeg,479595,ea2c5849c341619ea4882027aaa15f8047370f8c19a42807ae5c717ac6cf95fb
Rayquaza_11-20_Dragon_Vault_Regular_Holo,Copy_2,2,901A3529-31BE-491B-B0E4-4B2D8AB6D1A7.jpeg,Rayquaza_11-20_Dragon_Vault_Regular_Holo/Copy_2/02_901A3529-31BE-491B-B0E4-4B2D8AB6D1A7.jpeg,460581,1ed785b0d52d75b2278c9fbfe7403202c6515a53058c7411f8d81d6c871508c8
Rayquaza_11-20_Dragon_Vault_Regular_Holo,Copy_2,3,4C20FCB9-FE5A-488F-B67E-13FE8AE76F23.jpeg,Rayquaza_11-20_Dragon_Vault_Regular_Holo/Copy_2/03_4C20FCB9-FE5A-488F-B67E-13FE8AE76F23.jpeg,518349,8201675dbb30c22b86c0d137e887e055a5a3ae61e1a9ddc5fe1dc3655e4fd447
Rayquaza_11-20_Dragon_Vault_Regular_Holo,Copy_2,4,F57A3D51-B806-49F6-844C-64601382E5F2.jpeg,Rayquaza_11-20_Dragon_Vault_Regular_Holo/Copy_2/04_F57A3D51-B806-49F6-844C-64601382E5F2.jpeg,415411,feee479c82a40c072d7364df2bd8d1551353431165c21f29cee0552099697965
Rayquaza_11-20_Dragon_Vault_Regular_Holo,Copy_2,5,A7D702D7-1D91-4C2F-95A7-C4C868E739F7.jpeg,Rayquaza_11-20_Dragon_Vault_Regular_Holo/Copy_2/05_A7D702D7-1D91-4C2F-95A7-C4C868E739F7.jpeg,492431,db290d6b4abb2ee28f95eccb5b239c9b922c190548ef0f1c0398d34aafb53b2b
Rayquaza_11-20_Dragon_Vault_Regular_Holo,Copy_2,6,38E0B95F-2EDF-49E4-BB64-051D0B9B7F55.jpeg,Rayquaza_11-20_Dragon_Vault_Regular_Holo/Copy_2/06_38E0B95F-2EDF-49E4-BB64-051D0B9B7F55.jpeg,527773,a47067710d21b1b62da8bac126a98b7192eee6f293bdab970366747e4d7389b3
Rayquaza_11-20_Dragon_Vault_Regular_Holo,Copy_2,7,12E999A0-BD44-4797-8AF8-0AE8B5DF610A.jpeg,Rayquaza_11-20_Dragon_Vault_Regular_Holo/Copy_2/07_12E999A0-BD44-4797-8AF8-0AE8B5DF610A.jpeg,538765,65e8aa3813e60762f7201851e0b0596c5e2a1b945f838ec7c52b93d31b2a66fd
Rayquaza_11-20_Dragon_Vault_Regular_Holo,Copy_3,1,8FF603F0-9B8B-4B85-B98D-C1FF43DC54CC.jpeg,Rayquaza_11-20_Dragon_Vault_Regular_Holo/Copy_3/01_8FF603F0-9B8B-4B85-B98D-C1FF43DC54CC.jpeg,495052,ac05e38901bcd68fa5862fb20a9053a0ddbc1f670b330e5c2c209425c2b714f4
Rayquaza_11-20_Dragon_Vault_Regular_Holo,Copy_3,2,37DCB64B-ABE2-4088-BB29-304564C900A5.jpeg,Rayquaza_11-20_Dragon_Vault_Regular_Holo/Copy_3/02_37DCB64B-ABE2-4088-BB29-304564C900A5.jpeg,442727,67820d40ed680fdefae8f9f523fa6332408552f7e07b13e7c8fc62a4dcf60b29
Rayquaza_11-20_Dragon_Vault_Regular_Holo,Copy_3,3,50F975C0-3E4C-400E-86D6-D60845AE2439.jpeg,Rayquaza_11-20_Dragon_Vault_Regular_Holo/Copy_3/03_50F975C0-3E4C-400E-86D6-D60845AE2439.jpeg,570661,d6244129b07ee824dd5e5506cac052fdc132868b8d9c904305ec1a9f8b5bf7ef
Rayquaza_11-20_Dragon_Vault_Regular_Holo,Copy_3,4,C9E919AF-248F-4984-A3FB-B9C0B1E0308D.jpeg,Rayquaza_11-20_Dragon_Vault_Regular_Holo/Copy_3/04_C9E919AF-248F-4984-A3FB-B9C0B1E0308D.jpeg,489011,91f54757341b4f893d681911da3394e9b9d988d0a97cb699cfd70832e9341e62
Rayquaza_11-20_Dragon_Vault_Regular_Holo,Copy_3,5,7EC6CD65-2EDB-41AE-B0EB-CA6547BCC658.jpeg,Rayquaza_11-20_Dragon_Vault_Regular_Holo/Copy_3/05_7EC6CD65-2EDB-41AE-B0EB-CA6547BCC658.jpeg,504037,61fb21a2667d32fce0cd6712a79d62fadc3182beea9d85a78c4c4dbfcf48a51b
Rayquaza_11-20_Dragon_Vault_Regular_Holo,Copy_3,6,E37229A1-4B83-40EE-AECB-38D937F8F20E.jpeg,Rayquaza_11-20_Dragon_Vault_Regular_Holo/Copy_3/06_E37229A1-4B83-40EE-AECB-38D937F8F20E.jpeg,562560,cd0a7bbf8d5448a1d456b8139c89d50ee9a4d43035f6bff2bcd296c672015f39
Rayquaza_11-20_Dragon_Vault_Regular_Holo,Copy_3,7,1F66D0A3-9973-474B-AF1A-1DEBE3E8A91F.jpeg,Rayquaza_11-20_Dragon_Vault_Regular_Holo/Copy_3/07_1F66D0A3-9973-474B-AF1A-1DEBE3E8A91F.jpeg,410431,82f3918f86d82c41e59e5a0eaf56ed827f23d8fb439c5880ac00c693f686cb16
Rayquaza_93-113_Legendary_Treasures,Copy_1,1,6C601D76-BB29-48D5-96C2-CF2D2B7BDC1A.jpeg,Rayquaza_93-113_Legendary_Treasures/Copy_1/01_6C601D76-BB29-48D5-96C2-CF2D2B7BDC1A.jpeg,466418,c28d58579a667221749dc120715ade40f2ac026d58af7ce147c326da0c7e5e9c
Rayquaza_93-113_Legendary_Treasures,Copy_1,2,6E764E8B-A3A7-466D-A28D-570CC52DE8AC.jpeg,Rayquaza_93-113_Legendary_Treasures/Copy_1/02_6E764E8B-A3A7-466D-A28D-570CC52DE8AC.jpeg,453000,3ae33923634d30d97e7cba6ea324ac4fb34f3f8bf452e6e8c9b4beb941ccb512
Rayquaza_93-113_Legendary_Treasures,Copy_1,3,7669CF17-DAE2-4A85-BF69-0B36657EE5AC.jpeg,Rayquaza_93-113_Legendary_Treasures/Copy_1/03_7669CF17-DAE2-4A85-BF69-0B36657EE5AC.jpeg,542428,c5a5cc298807a045714a467e14178cf8d97e5d898946027669987b0bc34fd3aa
Rayquaza_93-113_Legendary_Treasures,Copy_1,4,8627F5E9-0EAB-4332-924D-72C56156E801.jpeg,Rayquaza_93-113_Legendary_Treasures/Copy_1/04_8627F5E9-0EAB-4332-924D-72C56156E801.jpeg,516235,f8091243974801f39c80eef38c99e36fff4fa5719b389f89655ab0c487e2c79e
Rayquaza_93-113_Legendary_Treasures,Copy_1,5,A3DC2A5F-A869-4C98-9BF2-B37AD714A3A3.jpeg,Rayquaza_93-113_Legendary_Treasures/Copy_1/05_A3DC2A5F-A869-4C98-9BF2-B37AD714A3A3.jpeg,476085,5477e845afd042bfcd1409794cd5fb3af22ee6b422e76dff5260aeee3c20da3c
Rayquaza_93-113_Legendary_Treasures,Copy_1,6,D66AB847-0CDE-4C89-B8D8-E037EDCE94C9.jpeg,Rayquaza_93-113_Legendary_Treasures/Copy_1/06_D66AB847-0CDE-4C89-B8D8-E037EDCE94C9.jpeg,557601,2761493b7179ac0deaaa452a0b296864a23301732d5772c9af1bb1522cabe067
Rayquaza_93-113_Legendary_Treasures,Copy_1,7,7AF00078-8190-40DC-A2D9-8A56C5A821EC.jpeg,Rayquaza_93-113_Legendary_Treasures/Copy_1/07_7AF00078-8190-40DC-A2D9-8A56C5A821EC.jpeg,405767,8b8acedc67a09d4018adf0d597a9effde819e76dddb4d58ed6459f3839baf5e1
